{
  "R2": 0.6258723135830304,
  "MAE": 0.5117479216299086,
  "MSE": 0.49955894107551635,
  "median_absolute_error": 0.39273217152616047,
  "loss": 0.49955894107551635
}